file,nVertices,nFaces,position,aabbSize,angleX,angleY,angleZ,totalAngle,totalFlip
1_processed.off,2500,4996,1.1564155499854678e-07,1.05636465549469,1.6628211696456674e-08,3.141592502593994,3.141592502593994,6.283185005187988,3.0
2_processed.off,2500,4996,3.115854951829533e-08,1.132954478263855,6.850457623386319e-08,3.141592502593994,3.141592502593994,6.283185005187988,3.0
3_processed.off,2500,4996,1.5152687637964846e-07,1.1239137649536133,1.714105053451931e-07,1.5707963705062866,1.5707963705062866,3.1415929794311523,3.0
4_processed.off,2500,4996,1.6378687917040224e-07,1.1396894454956055,1.2976475716186542e-07,1.076014370937628e-07,1.0796136251656208e-07,3.4532754966676293e-07,3.0
5_processed.off,2500,5000,1.0448798093420919e-07,1.1733962297439575,1.9305758769405656e-07,1.5422891408434225e-08,4.562857469636583e-08,2.5410906800971134e-07,3.0
6_processed.off,2500,4996,5.81193617676945e-08,0.9826807379722595,7.137593183159652e-09,3.141592502593994,3.141592502593994,6.283185005187988,3.0
7_processed.off,2500,4996,3.9435260390519034e-08,1.0076862573623657,2.1447045028821776e-08,3.141592502593994,3.141592502593994,6.283185005187988,3.0
8_processed.off,2500,4996,7.21670856407286e-09,1.0607025623321533,6.997773027705989e-08,1.570796251296997,1.570796251296997,3.141592502593994,3.0
9_processed.off,2500,4996,7.173523641768043e-08,1.0531398057937622,2.7827368853650114e-07,1.570796251296997,1.570796251296997,3.1415927410125732,3.0
10_processed.off,2500,4996,1.2455869580207946e-07,1.131767988204956,8.125478068166103e-09,3.141592502593994,3.141592502593994,6.283185005187988,3.0
11_processed.off,2500,4996,5.990661833266131e-08,1.384448528289795,4.681436749365275e-08,3.141592502593994,3.141592502593994,6.283185005187988,3.0
12_processed.off,2500,4996,6.477825564843442e-08,1.3725119829177856,1.760319889854145e-08,3.141592502593994,3.141592502593994,6.283185005187988,3.0
13_processed.off,2500,4996,1.8000042700805352e-07,1.1112316846847534,1.550117616488933e-07,1.5707966089248657,1.5707966089248657,3.1415934562683105,3.0
14_processed.off,2500,4996,5.379250822556969e-08,1.368035912513733,3.141592025756836,3.141592025756836,4.767515520143206e-07,6.28318452835083,3.0
15_processed.off,2500,4996,1.5939380659801827e-07,1.0898692607879639,9.363106414639333e-07,1.6552097292787948e-07,1.6591474150118302e-07,1.2677462564170128e-06,3.0
16_processed.off,2500,5004,2.1852139653333325e-08,1.0593920946121216,3.141592502593994,3.141590118408203,2.421784301986918e-06,6.283185005187988,3.0
17_processed.off,2500,4996,1.781632974484637e-08,1.1226418018341064,2.346542231634885e-07,1.570796012878418,1.570796012878418,3.141592264175415,3.0
18_processed.off,2500,4996,1.4311616780560144e-07,1.0857218503952026,1.359332060246743e-07,3.141592502593994,3.141592502593994,6.283185005187988,3.0
19_processed.off,2500,4996,2.5318877661106853e-08,1.1374380588531494,1.9357898395355733e-07,1.5707963705062866,1.5707963705062866,3.1415929794311523,3.0
20_processed.off,2500,4996,6.144752262571274e-08,1.1336748600006104,9.765057740196426e-08,1.0977574049775285e-07,1.1070192584838878e-07,3.181282579589606e-07,3.0
21_processed.off,2500,5000,4.8285503595479895e-08,1.174942135810852,6.219835313459043e-08,7.77149762143381e-06,7.771498530928511e-06,1.5605193766532466e-05,3.0
22_processed.off,2500,5000,1.1596536353408737e-07,1.2951947450637817,2.6931648022809895e-08,7.911305033303506e-07,7.911410762062587e-07,1.6092033092718339e-06,3.0
23_processed.off,2500,5000,7.004177149383395e-08,1.2274690866470337,6.642193284278619e-08,7.801313017807843e-08,8.113508442875172e-08,2.2557014744961634e-07,3.0
24_processed.off,2500,5000,4.3072326150195295e-08,1.3146438598632812,1.677157968060783e-08,1.5707944631576538,1.5707944631576538,3.1415889263153076,3.0
25_processed.off,2500,4996,1.3406601340193447e-07,1.3462697267532349,3.1414101123809814,0.00018261506920680404,3.141592502593994,6.283185005187988,3.0
26_processed.off,2500,5000,6.251143247482105e-08,1.3503687381744385,4.376782101189747e-07,3.141592502593994,3.141592502593994,6.2831854820251465,3.0
27_processed.off,2500,5000,6.126778373527486e-08,1.3505280017852783,3.141591787338257,3.141591787338257,1.239697127175532e-07,6.283183574676514,3.0
28_processed.off,2500,5000,5.9225822468533806e-08,1.1775152683258057,3.56443301541276e-08,3.141592264175415,3.141592264175415,6.28318452835083,3.0
29_processed.off,2500,5000,7.018868330987971e-08,1.2835561037063599,3.1415858268737793,3.1415858268737793,1.9730920541860542e-07,6.283171653747559,3.0
30_processed.off,2500,4996,6.178020584002297e-08,1.1784396171569824,3.1415634155273438,1.570796251296997,1.5707963705062866,6.283155918121338,3.0
31_processed.off,2500,5000,3.1364535857392184e-08,1.4602818489074707,3.1415276527404785,3.1415276527404785,4.1644188542022675e-08,6.283055305480957,3.0
32_processed.off,2500,5000,6.698599719356935e-08,1.3263870477676392,4.222783331897517e-07,3.141592502593994,3.141592502593994,6.2831854820251465,3.0
33_processed.off,2500,5000,2.882604910325881e-08,1.2915709018707275,2.0027464131544548e-08,1.5707956552505493,1.5707956552505493,3.1415913105010986,3.0
34_processed.off,2500,5000,3.910709267529455e-08,1.4595186710357666,3.526608338688675e-08,1.5707961320877075,1.5707961320877075,3.141592264175415,3.0
35_processed.off,2500,4996,3.426397299222117e-08,1.2317540645599365,4.3225813328717777e-07,9.883887486239473e-09,1.011829731112357e-08,4.522603092027566e-07,3.0
36_processed.off,2500,5000,3.1821429047340644e-08,1.3701891899108887,1.8962424519486376e-07,4.004386866540699e-08,1.0205112488392842e-07,3.317192351914855e-07,3.0
37_processed.off,2500,5000,8.434571441284788e-08,1.476608157157898,3.1415493488311768,3.1415493488311768,2.448053066927969e-07,6.283099174499512,3.0
38_processed.off,2500,5000,1.184843938517588e-07,1.3388797044754028,1.2988637365651812e-07,3.141592502593994,3.141592502593994,6.283185005187988,3.0
39_processed.off,2500,5000,2.1945652406429872e-07,1.2819682359695435,3.451274892540823e-07,3.141592502593994,3.141592502593994,6.283185005187988,3.0
40_processed.off,2500,4996,8.480317603698495e-08,1.2291358709335327,3.141484260559082,1.570796012878418,1.5707966089248657,6.283076763153076,3.0
41_processed.off,2500,4996,2.0404986145194925e-08,0.8582504987716675,3.1415810585021973,3.1415810585021973,1.611704334436581e-07,6.2831621170043945,3.0
42_processed.off,2500,4996,1.5718482515580945e-08,0.9379004240036011,1.0883620404911198e-07,3.141592502593994,3.141592502593994,6.283185005187988,3.0
43_processed.off,2500,4996,6.63708021875209e-08,0.8920333385467529,3.141592025756836,3.141591787338257,5.335621011681724e-08,6.283184051513672,3.0
44_processed.off,2500,4996,1.0364655622652208e-07,0.8554644584655762,4.0044529470151247e-08,3.141592502593994,3.141592502593994,6.283185005187988,3.0
45_processed.off,2500,4996,3.178833196670894e-08,0.8864272236824036,1.5705435885138286e-07,1.5707963705062866,1.5707963705062866,3.1415929794311523,3.0
46_processed.off,2500,4996,2.100610174693429e-08,0.9744947552680969,2.9181958183244205e-08,3.141592502593994,3.141592502593994,6.283185005187988,3.0
47_processed.off,2500,4996,1.3816517707709863e-08,1.0005711317062378,1.8710877291994166e-09,9.958935009990455e-09,9.976973913694565e-09,2.1806997096973646e-08,3.0
48_processed.off,2500,4996,5.5259135933738435e-08,0.9963366389274597,2.154734062287389e-07,3.141592502593994,3.141592502593994,6.283185005187988,3.0
49_processed.off,2500,5000,3.4438322416008305e-08,1.0793315172195435,3.919674362862224e-09,3.141592502593994,3.141592502593994,6.283185005187988,3.0
50_processed.off,2500,4996,1.0850700782327749e-08,0.8780047297477722,7.440712010975403e-07,3.141592502593994,3.141592502593994,6.283185958862305,3.0
51_processed.off,2500,4996,3.334735509952225e-08,1.087212324142456,4.5572883244915374e-09,3.141592502593994,3.141592502593994,6.283185005187988,3.0
52_processed.off,2500,4996,6.892023396432023e-09,1.031805396080017,1.652870196267031e-08,3.141592502593994,3.141592502593994,6.283185005187988,3.0
53_processed.off,2500,4996,3.4852363217652282e-09,0.9942927956581116,2.9917377464272477e-09,1.570796251296997,1.570796251296997,3.141592502593994,3.0
54_processed.off,2500,4996,1.4004841375481192e-07,0.9132394194602966,3.1415884494781494,3.1415884494781494,4.8495763849132345e-08,6.283176898956299,3.0
55_processed.off,2500,4996,7.46020134556602e-08,1.0379573106765747,1.438567398537316e-08,3.141592502593994,3.141592502593994,6.283185005187988,3.0
56_processed.off,2500,4996,3.825915939614788e-08,0.9495518207550049,7.737230411919427e-09,1.5707963705062866,1.5707963705062866,3.1415927410125732,3.0
57_processed.off,2500,4996,6.193559443090635e-08,0.8876821398735046,3.1415903568267822,1.570796251296997,1.5707963705062866,6.2831830978393555,3.0
58_processed.off,2500,4996,2.89173005540988e-08,0.9989621043205261,8.956231312140517e-08,1.4901162970204496e-08,1.7137736563199724e-08,1.216012037730252e-07,3.0
59_processed.off,2500,4996,1.524113990569731e-08,1.0801125764846802,5.830821603325376e-09,3.141592502593994,3.141592502593994,6.283185005187988,3.0
60_processed.off,2500,4996,1.2282135308794295e-08,0.9871379137039185,3.818022165091861e-08,3.141592502593994,3.141592502593994,6.283185005187988,3.0
61_processed.off,2500,4996,2.432856582856857e-08,1.1446516513824463,2.7124050561155855e-08,9.615138196750195e-08,9.639449416454227e-08,2.196699142587022e-07,3.0
62_processed.off,2500,4996,1.3643600915713705e-08,1.3076519966125488,3.506547230358592e-08,3.141592502593994,3.141592502593994,6.283185005187988,3.0
63_processed.off,2500,4996,6.229520010947454e-08,1.3289036750793457,1.1267378141610607e-08,1.5707963705062866,1.5707963705062866,3.1415927410125732,3.0
64_processed.off,2500,4996,3.635283718494975e-08,1.2491425275802612,1.284519601796319e-08,1.1113527875750151e-07,1.1114744324913772e-07,2.3512791358371032e-07,3.0
65_processed.off,2500,4996,3.771855716649952e-08,1.2466069459915161,4.15047374247024e-09,1.0578531828286941e-07,1.0579066156424233e-07,2.157264589186525e-07,3.0
66_processed.off,2500,4996,1.0163359931425475e-08,1.1468720436096191,3.235405898749377e-08,8.291812036986812e-08,8.72756800163188e-08,2.0254785226825334e-07,3.0
67_processed.off,2500,4996,2.4043396606998613e-08,1.246870756149292,1.6277914127726945e-08,1.5707963705062866,1.5707963705062866,3.1415927410125732,3.0
68_processed.off,2500,4996,2.005473653809986e-08,1.2125885486602783,1.257358377415585e-07,3.141592502593994,3.141592502593994,6.283185005187988,3.0
69_processed.off,2500,4996,2.618287986422274e-08,1.2570053339004517,8.736960666055893e-08,1.5707963705062866,1.5707963705062866,3.1415929794311523,3.0
70_processed.off,2500,4996,2.601509763167087e-08,1.178155541419983,1.7859552059462658e-08,2.176736586534389e-07,2.1793367466216296e-07,4.5346689603320556e-07,3.0
71_processed.off,2500,4996,2.355478656568266e-08,1.296054482460022,1.6351306086903605e-08,8.116905547694842e-08,8.205091006630028e-08,1.7957127340650914e-07,3.0
72_processed.off,2500,4996,1.1874538685674452e-08,1.2445752620697021,1.2203017263345828e-07,1.570796251296997,1.570796251296997,3.141592502593994,3.0
73_processed.off,2500,4996,7.183365369201056e-08,1.2945878505706787,1.1394378134355065e-06,1.5707963705062866,1.5707963705062866,3.1415939331054688,3.0
74_processed.off,2500,4996,3.09910035412031e-08,1.2223538160324097,2.521969122426526e-08,9.483328788917333e-09,1.0779373837976891e-08,4.5482394739337906e-08,3.0
75_processed.off,2500,4996,4.1013560547753514e-08,1.2343370914459229,3.3577020275288305e-08,2.918919506100792e-07,2.9325323680495785e-07,6.187221970321843e-07,3.0
76_processed.off,2500,4996,1.5129556274473543e-08,1.2180168628692627,1.3192954284590996e-08,1.6391277313232422e-07,1.6393252622037835e-07,3.410382589663641e-07,3.0
77_processed.off,2500,4996,7.1276331503611345e-09,1.2907061576843262,5.087724463948007e-09,3.141592502593994,3.141592502593994,6.283185005187988,3.0
78_processed.off,2500,4996,6.772448557512689e-08,1.3481706380844116,3.5261297881561404e-08,1.5707961320877075,1.5707961320877075,3.141592264175415,3.0
79_processed.off,2500,4996,1.3325025527421985e-08,1.2813268899917603,9.48326146499312e-07,1.5707964897155762,1.5707964897155762,3.1415939331054688,3.0
80_processed.off,2500,4996,8.993182198935301e-09,1.2644449472427368,3.1415863037109375,1.5707963705062866,1.570796251296997,6.28317928314209,3.0
81_processed.off,2500,4996,2.5051562602129707e-08,1.1166375875473022,2.6543017384028644e-07,3.141592502593994,3.141592502593994,6.283185005187988,3.0
82_processed.off,2500,4996,2.4535490084076628e-08,1.2394485473632812,5.4875130217624246e-08,3.141592502593994,3.141592502593994,6.283185005187988,3.0
83_processed.off,2500,4996,2.9226557174411028e-08,1.1623871326446533,2.8795639650525118e-08,3.141592502593994,3.141592502593994,6.283185005187988,3.0
84_processed.off,2500,4996,8.55018456036305e-08,1.1111763715744019,3.1415855884552,1.5707963705062866,1.5707963705062866,6.283178329467773,3.0
85_processed.off,2500,4996,2.7241426892032905e-08,1.160772442817688,1.7706689448004909e-07,1.5707963705062866,1.5707963705062866,3.1415929794311523,3.0
86_processed.off,2500,4996,1.5741607128916257e-08,1.109910249710083,2.6638582539817435e-07,3.141592502593994,3.141592264175415,6.283185005187988,3.0
87_processed.off,2500,4996,4.747758808321123e-08,1.2668025493621826,7.797953571753169e-08,3.141592502593994,3.141592502593994,6.283185005187988,3.0
88_processed.off,2500,4996,4.578324563908609e-08,1.340399146080017,9.32520052288055e-08,2.9802322387695312e-08,4.372764195181844e-08,1.6678195891017822e-07,3.0
89_processed.off,2500,4996,4.501193195949327e-09,1.168596625328064,4.9361328358088485e-09,3.141592502593994,3.141592502593994,6.283185005187988,3.0
90_processed.off,2500,4996,9.217408170059116e-09,1.2678130865097046,5.316388662635063e-09,1.5707963705062866,1.5707963705062866,3.1415927410125732,3.0
91_processed.off,2500,4996,4.437521639033548e-08,1.2172532081604004,2.7733826346576507e-09,3.141592502593994,3.141592502593994,6.283185005187988,3.0
92_processed.off,2500,4996,5.732186725282418e-09,1.139440655708313,1.3029787027107886e-08,3.141592502593994,3.141592502593994,6.283185005187988,3.0
93_processed.off,2500,5000,9.9900772099204e-09,1.3055764436721802,6.162245824725687e-09,1.5707964897155762,1.5707964897155762,3.1415929794311523,3.0
94_processed.off,2500,4996,3.85185607854055e-08,1.2248414754867554,3.141592025756836,3.141592502593994,5.82583425057237e-07,6.283185005187988,3.0
95_processed.off,2500,4996,1.9891885472134163e-08,1.165997862815857,3.38095453855658e-08,3.141592502593994,3.141592502593994,6.283185005187988,3.0
96_processed.off,2500,4996,2.5403487313724327e-08,1.244477391242981,1.4471233100721292e-07,5.447356343779575e-08,1.275072065709537e-07,3.266931116741034e-07,3.0
97_processed.off,2500,4996,1.3778968188660201e-08,1.15779709815979,3.865998632335277e-09,3.141592502593994,3.141592502593994,6.283185005187988,3.0
98_processed.off,2500,4996,2.7227024190779048e-08,1.135027527809143,4.655458951674518e-07,1.512832028538469e-07,1.5191228897037945e-07,7.687413585699687e-07,3.0
99_processed.off,2500,4996,3.2067823951820174e-08,1.1894387006759644,1.9384934546451404e-08,3.803719295092378e-08,3.803719295092378e-08,9.545932044829897e-08,3.0
100_processed.off,2500,4996,1.0311449472055756e-08,1.1585428714752197,1.9996465994154278e-07,2.784384633969239e-08,3.3388349862661926e-08,2.6119684548575606e-07,3.0
101_processed.off,2500,5000,2.7142560199422405e-08,1.1598623991012573,1.8374393562226032e-07,3.141592502593994,3.141592502593994,6.283185005187988,3.0
102_processed.off,2500,5008,1.2532454718439112e-07,1.2715972661972046,2.2772766783418774e-07,3.141592502593994,3.141592264175415,6.283185005187988,3.0
103_processed.off,2500,5000,7.745200036879396e-08,1.2328242063522339,3.141592025756836,7.80354810103745e-07,3.141592264175415,6.283185005187988,3.0
104_processed.off,2500,5000,6.069260649610442e-08,1.1180568933486938,1.2386601611069636e-07,3.774098331632558e-07,3.7741068581453874e-07,8.786865350884909e-07,3.0
105_processed.off,2500,5008,3.956463956455991e-08,1.1025618314743042,3.1415915489196777,3.1415915489196777,3.922948010881555e-08,6.2831830978393555,3.0
106_processed.off,2500,5000,3.322720587561889e-08,1.2606881856918335,2.429059975384007e-07,1.5707963705062866,1.5707963705062866,3.1415929794311523,3.0
107_processed.off,2500,5012,5.9552046849375984e-08,1.1728734970092773,1.988498468108446e-07,1.5707966089248657,1.5707966089248657,3.1415934562683105,3.0
108_processed.off,2500,5008,7.212646124798994e-08,1.1969074010849,2.2769638974295958e-07,1.5707964897155762,1.5707964897155762,3.1415932178497314,3.0
109_processed.off,2500,5000,1.955462636260563e-08,1.1591821908950806,7.824271506251534e-07,1.1754316631140682e-07,1.1800064925182596e-07,1.0179709306612494e-06,3.0
110_processed.off,2500,5008,1.1439773572874401e-07,1.0439344644546509,3.272865001235914e-08,3.141592502593994,3.141592502593994,6.283185005187988,3.0
111_processed.off,2500,5000,5.339094855116855e-08,1.05507493019104,2.86013950301367e-08,3.141592502593994,3.141592502593994,6.283185005187988,3.0
112_processed.off,2500,5000,1.7262919982385938e-07,1.186318278312683,4.452804702737012e-08,3.141592502593994,3.141592502593994,6.283185005187988,3.0
113_processed.off,2500,5004,5.686239745728017e-08,1.0523409843444824,1.0200780664604281e-08,3.141592502593994,3.141592502593994,6.283185005187988,3.0
114_processed.off,2500,5000,4.251574736713337e-08,0.9280531406402588,8.395455353138459e-08,1.5707963705062866,1.5707963705062866,3.1415929794311523,3.0
115_processed.off,2500,5000,3.5179812840624436e-08,1.0684140920639038,1.6247842893335473e-07,3.141592502593994,3.141592502593994,6.283185005187988,3.0
116_processed.off,2500,5000,1.6000367963897588e-07,1.2456105947494507,5.484698917257447e-08,6.038248301365456e-08,6.066917279667905e-08,1.7589863432476704e-07,3.0
117_processed.off,2500,5000,8.819235119972291e-08,1.1951391696929932,1.3702226908662851e-08,1.5707961320877075,1.5707961320877075,3.141592264175415,3.0
118_processed.off,2500,5000,7.999943107961371e-08,1.1438753604888916,6.993420953449458e-08,3.141592502593994,3.141592502593994,6.283185005187988,3.0
119_processed.off,2500,5000,8.440792953479104e-08,1.2435513734817505,9.637230959924636e-07,1.5707961320877075,1.5707961320877075,3.1415932178497314,3.0
120_processed.off,2500,5000,4.140677845043683e-08,1.0697368383407593,2.7190594220627418e-09,1.5707961320877075,1.5707961320877075,3.141592264175415,3.0
121_processed.off,2500,5000,5.747234155251135e-08,1.2327537536621094,3.141592264175415,3.141592264175415,9.08405617394692e-09,6.28318452835083,3.0
122_processed.off,2500,4996,1.6343014053177285e-08,1.3329905271530151,7.41609596843773e-07,1.5707966089248657,1.5707966089248657,3.1415939331054688,3.0
123_processed.off,2500,4996,3.2614220657478654e-08,1.5144621133804321,3.6014660054206615e-07,1.5707981586456299,1.5707981586456299,3.141596794128418,3.0
124_processed.off,2500,4996,4.206372139492487e-08,1.2144266366958618,5.331595431812275e-08,3.141592502593994,3.141592502593994,6.283185005187988,3.0
125_processed.off,2500,4996,2.120242754699575e-07,1.4719904661178589,3.141592025756836,6.30350200481189e-07,3.141592502593994,6.283185005187988,3.0
126_processed.off,2500,4996,3.356230848794439e-08,1.4111135005950928,4.821001198251906e-08,2.1686169020540547e-06,2.168758555853856e-06,4.3855852709384635e-06,3.0
127_processed.off,2500,4996,5.050494422675911e-08,1.292127251625061,8.411049634560186e-07,3.141592264175415,3.141592264175415,6.2831854820251465,3.0
128_processed.off,2500,4996,1.849079644955509e-08,1.1407331228256226,3.32183162754518e-07,3.141592502593994,3.141592502593994,6.283185005187988,3.0
129_processed.off,2500,4996,1.2099808266441414e-08,1.358090877532959,2.676513304322725e-07,3.141592502593994,3.141592502593994,6.283185005187988,3.0
130_processed.off,2500,4996,3.859677377704429e-08,1.4199382066726685,5.477149045418628e-08,1.5707964897155762,1.5707964897155762,3.1415929794311523,3.0
131_processed.off,2500,4996,2.5343821263845712e-08,1.406365156173706,1.6170961458783495e-08,1.5707969665527344,1.5707969665527344,3.1415939331054688,3.0
132_processed.off,2500,4996,5.56323698219785e-08,0.9506248235702515,4.5562237005469797e-07,1.6703224048342236e-07,1.670502314254918e-07,7.897048703853216e-07,3.0
133_processed.off,2500,5000,3.2643246328234454e-08,1.3828421831130981,3.141592502593994,3.141592264175415,3.488632387416146e-07,6.2831854820251465,3.0
134_processed.off,2500,4996,5.1110763621409205e-08,1.3755147457122803,2.67282359800447e-07,3.141592502593994,3.141592502593994,6.283185005187988,3.0
135_processed.off,2500,4996,9.760500851996312e-09,1.4542776346206665,7.094490115377994e-07,1.5707967281341553,1.5707967281341553,3.141594171524048,3.0
136_processed.off,2500,4996,3.093069977921914e-08,1.3137173652648926,3.1415915489196777,1.1206724366275012e-06,3.141592502593994,6.283185005187988,3.0
137_processed.off,2500,4996,2.6316708812146317e-08,1.2666311264038086,1.1343076948833186e-06,3.141592264175415,3.141592264175415,6.283185958862305,3.0
138_processed.off,2500,4996,9.865185113255848e-09,1.3454216718673706,3.1323782678782663e-08,3.1415910720825195,3.1415910720825195,6.283182144165039,3.0
139_processed.off,2500,4996,2.211652727623914e-08,1.257404088973999,3.141590118408203,3.141590118408203,1.4095820688453387e-07,6.283180236816406,3.0
140_processed.off,2500,4996,5.714809248047459e-08,1.4222674369812012,9.874473789750482e-07,3.141592502593994,3.141592502593994,6.283185958862305,3.0
141_processed.off,2500,4996,6.403278973721171e-08,1.3013120889663696,1.7006101415972807e-08,1.7514119576844678e-07,1.7588548928415548e-07,3.6803277225772035e-07,3.0
142_processed.off,2500,4996,4.0979877269364806e-08,1.1228113174438477,6.7588499241821864e-09,3.141592502593994,3.141592502593994,6.283185005187988,3.0
143_processed.off,2500,4996,5.8933260049798264e-08,1.122115969657898,1.5070519054916076e-07,3.141592502593994,3.141592502593994,6.283185005187988,3.0
144_processed.off,2500,4996,2.7055873985659673e-08,1.3016828298568726,1.1962409018906328e-07,3.141592502593994,3.141592502593994,6.283185005187988,3.0
145_processed.off,2500,4996,9.031788295033039e-08,1.1501582860946655,3.1415908336639404,2.680776742636226e-05,3.1415657997131348,6.2831830978393555,3.0
146_processed.off,2500,4996,2.3686638428443985e-08,1.4631553888320923,3.141558885574341,3.141558885574341,1.0376503496445366e-06,6.283118724822998,3.0
147_processed.off,2500,4996,1.1285363399338166e-07,1.4814430475234985,3.1415717601776123,3.1415717601776123,2.1383166881605575e-07,6.283143520355225,3.0
148_processed.off,2500,4996,7.796908363388866e-08,1.4448750019073486,1.7852395330919535e-06,3.141592502593994,3.141592502593994,6.283186912536621,3.0
149_processed.off,2500,4996,1.1652170428533282e-07,1.4442591667175293,3.1415646076202393,3.1415646076202393,1.0581292997358105e-07,6.2831292152404785,3.0
150_processed.off,2500,4996,3.690701788627848e-08,0.9273759126663208,3.140928268432617,1.5707961320877075,1.5707964897155762,6.282520771026611,3.0
151_processed.off,2500,4996,8.971388609779751e-08,1.4472262859344482,3.1414437294006348,3.1414437294006348,2.4120039299191376e-08,6.2828874588012695,3.0
152_processed.off,2500,4996,1.8473654961326247e-07,1.170422911643982,3.1415903568267822,8.885959346116579e-08,3.1415903568267822,6.2831807136535645,3.0
153_processed.off,2500,4996,7.730231033065138e-08,1.2943321466445923,1.1982118053310842e-07,3.141592502593994,3.141592502593994,6.283185005187988,3.0
154_processed.off,2500,4996,8.543292295826177e-08,1.4543324708938599,3.1412298679351807,3.1412298679351807,1.4215059707112232e-07,6.282459735870361,3.0
155_processed.off,2500,4996,3.165868989185583e-08,1.3169485330581665,1.4911405443740477e-08,5.7668316344461346e-08,5.9262941221049914e-08,1.3184266833832226e-07,3.0
156_processed.off,2500,4996,1.068184474206646e-07,1.218949794769287,3.141592264175415,3.141592264175415,9.69337250467106e-08,6.28318452835083,3.0
157_processed.off,2500,4996,9.551171586963392e-08,1.4673651456832886,1.890169301077549e-07,1.5707963705062866,1.5707963705062866,3.1415929794311523,3.0
158_processed.off,2500,4996,1.0858069288133265e-07,1.0888363122940063,3.141592025756836,3.141587257385254,5.438284460979048e-06,6.28318452835083,3.0
159_processed.off,2500,4996,6.237601013481253e-08,1.4144262075424194,1.1589656168098372e-07,3.141592502593994,3.141592502593994,6.283185005187988,3.0
160_processed.off,2500,4996,1.0228308156001731e-07,1.1450730562210083,1.4345476984090055e-07,3.141592502593994,3.141592502593994,6.283185005187988,3.0
161_processed.off,2500,4996,4.2738442118661624e-08,1.1847190856933594,6.936827112724586e-09,3.141592502593994,3.141592502593994,6.283185005187988,3.0
162_processed.off,2500,4996,5.897348742678332e-08,1.159794807434082,1.3280192945330782e-07,1.5707963705062866,1.5707963705062866,3.1415929794311523,3.0
163_processed.off,2500,5000,2.4787173202867052e-08,1.2189760208129883,6.772192762127816e-08,1.570796012878418,1.570796012878418,3.141592025756836,3.0
164_processed.off,2500,4996,2.4587217595239963e-08,1.179825782775879,3.049190411275049e-08,3.141592502593994,3.141592502593994,6.283185005187988,3.0
165_processed.off,2500,4996,2.6998488777962848e-08,1.1648015975952148,1.2171295793450554e-07,1.570796251296997,1.570796251296997,3.141592502593994,3.0
166_processed.off,2500,4996,1.2383181058339687e-07,1.2039259672164917,1.7062373558474064e-07,1.5707963705062866,1.5707963705062866,3.1415929794311523,3.0
167_processed.off,2500,4996,3.358927358476649e-08,1.181400179862976,5.637368261091069e-08,3.141592502593994,3.141592502593994,6.283185005187988,3.0
168_processed.off,2500,4996,2.5424792937656093e-08,1.174596905708313,2.294533807400967e-08,1.5707961320877075,1.5707961320877075,3.141592264175415,3.0
169_processed.off,2500,4996,7.319412276274306e-08,1.3492945432662964,1.1138125977083746e-09,1.5707963705062866,1.5707963705062866,3.1415927410125732,3.0
170_processed.off,2500,4996,4.3343661104700004e-08,1.3345439434051514,8.823295161164424e-08,3.141592502593994,3.141592502593994,6.283185005187988,3.0
171_processed.off,2500,4996,9.877388862378211e-08,1.2380714416503906,2.6247221285302658e-08,3.141592502593994,3.141592502593994,6.283185005187988,3.0
172_processed.off,2500,4996,3.44287371945029e-08,1.1625480651855469,1.3132877541011112e-07,1.5707964897155762,1.5707964897155762,3.1415929794311523,3.0
173_processed.off,2500,4996,6.673971597592754e-08,1.1039894819259644,3.385811808698236e-08,3.141592264175415,3.141592264175415,6.28318452835083,3.0
174_processed.off,2500,4996,4.053751823107632e-08,1.2611807584762573,2.9108894850082834e-08,1.5707961320877075,1.5707961320877075,3.141592264175415,3.0
175_processed.off,2500,4996,6.94310671178755e-08,1.2142417430877686,4.48955468357326e-08,1.5707963705062866,1.5707963705062866,3.1415927410125732,3.0
176_processed.off,2500,4996,5.2373835046637396e-08,1.258020281791687,2.3380799518690765e-08,3.141592502593994,3.141592502593994,6.283185005187988,3.0
177_processed.off,2500,4996,7.85229943289778e-08,1.2421534061431885,2.032760626491381e-08,3.141592502593994,3.141592502593994,6.283185005187988,3.0
178_processed.off,2500,4996,3.502431056290334e-08,1.1651253700256348,6.403615770977922e-08,1.570796251296997,1.570796251296997,3.141592502593994,3.0
179_processed.off,2500,4996,4.0342371221413487e-08,1.1875417232513428,3.480217003470898e-08,1.5707961320877075,1.5707961320877075,3.141592264175415,3.0
180_processed.off,2500,4996,2.5169329731511425e-08,1.1876271963119507,9.553701829645433e-09,1.5707964897155762,1.5707964897155762,3.1415929794311523,3.0
181_processed.off,2500,4996,1.4339552656394972e-08,1.0910691022872925,2.1668359551085814e-08,3.8825831438771274e-09,5.080888598740785e-09,3.0631831293703726e-08,3.0
182_processed.off,2500,4996,6.34107166774811e-08,1.1772959232330322,3.141592502593994,1.570796251296997,1.5707964897155762,6.2831854820251465,3.0
183_processed.off,2500,4996,5.720559670407965e-08,1.2925002574920654,8.269936557780966e-08,3.141592502593994,3.141592502593994,6.283185005187988,3.0
184_processed.off,2500,4996,7.366050880364128e-08,1.1646077632904053,1.1594614157672822e-08,3.141592502593994,3.141592502593994,6.283185005187988,3.0
185_processed.off,2500,4996,1.0720727061652724e-07,1.1364513635635376,5.904425037783767e-08,1.5707964897155762,1.5707964897155762,3.1415929794311523,3.0
186_processed.off,2500,4996,1.1068410543657592e-07,1.17250394821167,7.63675700454769e-08,1.570796251296997,1.570796251296997,3.141592502593994,3.0
187_processed.off,2500,5000,8.076425217495853e-08,1.1005523204803467,1.304038210747649e-08,1.5707964897155762,1.5707964897155762,3.1415929794311523,3.0
188_processed.off,2500,4996,4.763995420375977e-08,1.1811703443527222,5.218208798396518e-07,2.065790454253147e-07,2.1264457927827607e-07,9.410445045432425e-07,3.0
189_processed.off,2500,4996,5.846566253353558e-08,1.1283292770385742,3.141592025756836,1.5707957744598389,1.5707968473434448,6.283185005187988,3.0
190_processed.off,2500,4996,4.579766610390834e-08,1.0789313316345215,1.9478945034734352e-07,1.5707964897155762,1.5707964897155762,3.1415932178497314,3.0
191_processed.off,2500,4996,7.490039166668794e-08,1.2837352752685547,6.087559967227207e-08,3.141592502593994,3.141592502593994,6.283185005187988,3.0
192_processed.off,2500,4996,2.4243993479444725e-08,1.1038683652877808,3.141592502593994,3.141592502593994,5.899461896774483e-08,6.283185005187988,3.0
193_processed.off,2500,4996,3.92003123295126e-08,0.9848408102989197,6.251033823900798e-08,3.141592502593994,3.141592502593994,6.283185005187988,3.0
194_processed.off,2500,4996,1.0283365270424838e-08,1.0164340734481812,1.1440057079425969e-07,1.5707963705062866,1.5707963705062866,3.1415929794311523,3.0
195_processed.off,2500,4996,5.349748022354106e-08,0.9895715117454529,1.2733035248402302e-07,3.141592502593994,3.141592502593994,6.283185005187988,3.0
196_processed.off,2500,4996,2.015519839915214e-08,1.0440471172332764,1.540118006460034e-07,2.0273481027288653e-07,2.4555797040193283e-07,6.02304567109968e-07,3.0
197_processed.off,2500,4996,2.011507049815009e-08,0.9877439141273499,3.880684857904271e-07,9.649241405895737e-08,9.669800959954955e-08,5.812589165543613e-07,3.0
198_processed.off,2500,4996,8.505367077304982e-08,1.0639731884002686,6.442935074346678e-08,3.141592502593994,3.141592502593994,6.283185005187988,3.0
199_processed.off,2500,4996,8.813886864800224e-08,1.1054130792617798,5.992352214434504e-08,1.5707963705062866,1.5707963705062866,3.1415929794311523,3.0
200_processed.off,2500,4996,2.071247173773827e-08,1.2022188901901245,1.647910039537237e-07,3.141592502593994,3.141592502593994,6.283185005187988,3.0
201_processed.off,2500,4996,7.924606393316935e-08,1.0208076238632202,1.316832367592724e-07,1.5707964897155762,1.5707964897155762,3.1415929794311523,3.0
202_processed.off,2500,4996,5.138406322657829e-08,1.045316219329834,1.4283202176557097e-07,3.141592502593994,3.141592502593994,6.283185005187988,3.0
203_processed.off,2500,4996,5.385243184719002e-08,1.1012777090072632,1.9906620707388356e-07,3.141592502593994,3.141592502593994,6.283185005187988,3.0
204_processed.off,2500,4996,6.290192544611273e-08,1.1491954326629639,3.65187879936002e-08,3.141592502593994,3.141592502593994,6.283185005187988,3.0
205_processed.off,2500,4996,2.086556705194198e-08,1.1290476322174072,1.0472873412936679e-07,3.141592502593994,3.141592502593994,6.283185005187988,3.0
206_processed.off,2500,4996,2.3876554067214784e-08,1.116287112236023,2.2853711811876565e-08,1.5707963705062866,1.5707963705062866,3.1415927410125732,3.0
207_processed.off,2500,4996,1.78912351600502e-08,1.1826122999191284,2.2329091109440924e-07,3.141592502593994,3.141592502593994,6.283185005187988,3.0
208_processed.off,2500,4996,1.4654491842236439e-08,1.2278258800506592,3.141589641571045,3.141589641571045,1.1238319785888962e-07,6.28317928314209,3.0
209_processed.off,2500,4996,1.7469245605639117e-08,1.3232355117797852,2.995804138095082e-08,1.5707964897155762,1.5707964897155762,3.1415929794311523,3.0
210_processed.off,2500,4996,6.414926900788487e-08,1.2480006217956543,4.407969811381918e-08,3.141592502593994,3.141592502593994,6.283185005187988,3.0
211_processed.off,2500,4996,2.1054045173940494e-09,1.194008708000183,1.3818733179959963e-07,3.141592502593994,3.141592502593994,6.283185005187988,3.0
212_processed.off,2500,4996,2.1925292514879402e-07,1.0962837934494019,1.227609232046234e-07,3.141592502593994,3.141592502593994,6.283185005187988,3.0
213_processed.off,2500,4996,9.82364625201626e-08,1.0358229875564575,3.141592502593994,2.177799416358539e-07,3.141592502593994,6.283185005187988,3.0
214_processed.off,2500,4996,8.522383154740965e-08,1.051330804824829,3.141592264175415,3.048592134291539e-07,3.141592502593994,6.283185005187988,3.0
215_processed.off,2500,4996,7.715545535802448e-08,1.0613425970077515,3.141592264175415,3.141592502593994,3.9868481849225645e-07,6.2831854820251465,3.0
216_processed.off,2500,4996,6.306204625161627e-08,1.076528549194336,3.141592502593994,1.5707961320877075,1.5707966089248657,6.283185005187988,3.0
217_processed.off,2500,4996,2.1483367973473833e-08,1.1701854467391968,7.033351323570969e-08,3.141592502593994,3.141592502593994,6.283185005187988,3.0
218_processed.off,2500,4996,6.413699082941093e-08,1.2489193677902222,4.561782418477378e-07,1.570796251296997,1.570796251296997,3.1415929794311523,3.0
219_processed.off,2500,4996,9.773708065097253e-09,1.1819641590118408,8.331733170052757e-08,3.141592502593994,3.141592502593994,6.283185005187988,3.0
220_processed.off,2500,4996,4.17163299459844e-08,1.1867071390151978,1.631059198814455e-08,1.5707961320877075,1.5707961320877075,3.141592264175415,3.0
221_processed.off,2500,4996,1.1549764700191645e-08,1.1947046518325806,4.432021860623081e-09,1.570796251296997,1.570796251296997,3.141592502593994,3.0
222_processed.off,2500,4996,4.8992198742325854e-08,1.0401326417922974,9.87385817552422e-08,3.141592264175415,3.141592264175415,6.28318452835083,3.0
223_processed.off,2500,4996,1.1972485225442142e-08,1.0620372295379639,4.445001522412895e-08,5.784348218185187e-07,5.788715498056263e-07,1.2017563904009876e-06,3.0
224_processed.off,2500,4996,2.202340887436094e-08,0.9913330674171448,2.494036799305377e-08,3.8743019104003906e-07,3.876519372170151e-07,8.00022462499328e-07,3.0
225_processed.off,2500,4996,8.54197779176502e-09,1.0469691753387451,1.1167029967396047e-08,3.1415908336639404,3.1415908336639404,6.283181667327881,3.0
226_processed.off,2500,4996,9.912422882507599e-09,1.0729870796203613,1.7160589393938608e-08,3.1415913105010986,3.1415913105010986,6.283182621002197,3.0
227_processed.off,2500,4996,9.912422882507599e-09,1.0729870796203613,1.7160589393938608e-08,3.1415913105010986,3.1415913105010986,6.283182621002197,3.0
228_processed.off,2500,4996,8.917250937656718e-08,1.0463924407958984,1.5955306409409786e-08,3.141592502593994,3.141592502593994,6.283185005187988,3.0
229_processed.off,2500,4996,2.179066038721089e-09,1.073042631149292,3.141592264175415,1.5707963705062866,1.570796251296997,6.283185005187988,3.0
230_processed.off,2500,4996,1.345538969133031e-08,1.1977064609527588,2.4094680028952098e-08,3.141592502593994,3.141592502593994,6.283185005187988,3.0
231_processed.off,2500,4996,3.0864576672229305e-08,1.0314719676971436,2.830046952340126e-08,2.737502597938146e-07,2.7400594149185054e-07,5.760566637036391e-07,3.0
232_processed.off,2500,4996,5.384523404927677e-08,0.9929577112197876,1.050016109616081e-07,3.5271398246550234e-07,3.5352482541384234e-07,8.112403975246707e-07,3.0
233_processed.off,2500,4996,9.887939000918777e-08,1.1003904342651367,1.807438536616246e-07,9.859293186309515e-07,9.87513999461953e-07,2.1541873138630763e-06,3.0
234_processed.off,2500,4996,2.8614643099444947e-08,1.0987271070480347,5.493749100082823e-08,1.551274806388392e-07,1.551352539763684e-07,3.6520020785246743e-07,3.0
235_processed.off,2500,4996,4.140400022834001e-08,1.0212064981460571,7.078432417984004e-08,1.580277171342459e-06,1.5803610722286976e-06,3.23142239722074e-06,3.0
236_processed.off,2500,4996,2.656542896772862e-08,0.9969931840896606,3.928061076408085e-08,1.5707961320877075,1.5707961320877075,3.141592264175415,3.0
237_processed.off,2500,4996,8.88763338480203e-08,0.961706280708313,9.049493598922709e-08,2.084801735691144e-07,2.0879885198610282e-07,5.077739615444443e-07,3.0
238_processed.off,2500,4996,5.034953787230734e-08,0.990807831287384,6.103493177533892e-08,4.096139889497863e-07,4.116624268135638e-07,8.823113830658258e-07,3.0
239_processed.off,2500,4996,4.537921682867818e-08,0.9926998615264893,9.728779559736722e-09,1.570796251296997,1.570796251296997,3.141592502593994,3.0
240_processed.off,2500,4996,5.984049522567148e-08,1.023510456085205,5.629899035852759e-08,1.5707967281341553,1.5707967281341553,3.1415934562683105,3.0
241_processed.off,2500,4996,6.497351989764866e-08,1.223576545715332,6.470005420311509e-09,1.570796251296997,1.570796251296997,3.141592502593994,3.0
242_processed.off,2500,4996,2.4134735099323734e-08,1.2852612733840942,7.62250706998202e-09,3.141592502593994,3.141592502593994,6.283185005187988,3.0
243_processed.off,2500,4996,2.294089540555433e-08,1.0681450366973877,1.201881483225975e-09,1.5707964897155762,1.5707964897155762,3.1415929794311523,3.0
244_processed.off,2500,4996,7.451863126561875e-09,1.1078410148620605,1.690280027055735e-09,3.795070924184074e-08,3.7967080146472654e-08,7.760807108070367e-08,3.0
245_processed.off,2500,4996,4.230529171422859e-08,1.2685374021530151,9.284404356435516e-09,1.5707966089248657,1.5707966089248657,3.1415932178497314,3.0
246_processed.off,2500,4996,1.3419410471726678e-08,1.071427345275879,1.300633267753426e-09,1.5707961320877075,1.5707961320877075,3.141592264175415,3.0
247_processed.off,2500,4996,2.232497919862908e-08,1.1669119596481323,3.0860924926656708e-09,1.5707964897155762,1.5707964897155762,3.1415929794311523,3.0
248_processed.off,2500,4996,4.681484710999939e-08,1.2853715419769287,3.1415770053863525,3.1415770053863525,1.5337936076775804e-07,6.283154010772705,3.0
249_processed.off,2500,4996,2.9570784931820526e-08,1.1178257465362549,4.19854284672283e-09,1.570796251296997,1.570796251296997,3.141592502593994,3.0
250_processed.off,2500,4996,2.4165922596353084e-08,1.2055355310440063,4.991483137928299e-08,3.141592502593994,3.141592502593994,6.283185005187988,3.0
251_processed.off,2500,4996,2.294089540555433e-08,1.0681450366973877,1.201881483225975e-09,1.5707964897155762,1.5707964897155762,3.1415929794311523,3.0
252_processed.off,2500,4996,1.8967460491126076e-08,1.245367407798767,8.256978212273225e-09,3.141592502593994,3.141592502593994,6.283185005187988,3.0
253_processed.off,2500,4996,2.8565226628529672e-08,1.3505704402923584,1.1326187099314211e-08,3.141592502593994,3.141592502593994,6.283185005187988,3.0
254_processed.off,2500,4996,9.79371161946574e-09,1.1122310161590576,3.0289217800572033e-09,1.5707964897155762,1.5707964897155762,3.1415929794311523,3.0
255_processed.off,2500,4996,2.3535379867212214e-08,1.164522647857666,2.554042533020606e-10,3.141592502593994,3.141592502593994,6.283185005187988,3.0
256_processed.off,2500,4996,6.651212203223622e-08,1.226489782333374,3.141592502593994,3.140916347503662,0.0006763970013707876,6.2831854820251465,3.0
257_processed.off,2500,4996,1.2189054210409722e-08,1.1066616773605347,1.2089317991126336e-08,3.141592502593994,3.141592502593994,6.283185005187988,3.0
258_processed.off,2500,4996,1.272619130077146e-07,1.4250706434249878,2.2071115779453976e-07,2.5216729682142613e-07,2.932900429186702e-07,7.661685117454908e-07,3.0
259_processed.off,2500,4996,2.0884101559204282e-08,1.3789790868759155,3.229776623925318e-08,3.141592502593994,3.141592502593994,6.283185005187988,3.0
260_processed.off,2500,4996,2.697121033179428e-07,1.4652904272079468,3.141592264175415,4.860821718466468e-07,3.141592502593994,6.283185005187988,3.0
281_processed.off,2500,4996,1.0879523060225438e-08,1.2417306900024414,3.141592264175415,4.228735974720621e-07,3.141592502593994,6.283185005187988,3.0
282_processed.off,2500,4996,7.440973615047142e-09,1.1732021570205688,1.6494011845225032e-07,1.5707958936691284,1.5707958936691284,3.141592025756836,3.0
283_processed.off,2500,4996,2.927690267995331e-08,1.1220037937164307,8.500029125002584e-09,1.5707966089248657,1.5707966089248657,3.1415932178497314,3.0
284_processed.off,2500,4996,1.7577562516635226e-08,1.1467390060424805,3.9792237771507644e-07,2.3118980152503354e-07,2.4975599899335066e-07,8.788681498117512e-07,3.0
285_processed.off,2500,4996,5.321352603004925e-08,1.2324057817459106,7.829483905652523e-08,1.5707961320877075,1.5707961320877075,3.141592502593994,3.0
286_processed.off,2500,4996,1.5350776649825093e-08,1.4090759754180908,5.400587497206288e-07,3.141592502593994,3.141592502593994,6.2831854820251465,3.0
287_processed.off,2500,4996,3.6247492118945956e-08,1.3346911668777466,3.639729584392626e-08,1.570796251296997,1.570796251296997,3.141592502593994,3.0
288_processed.off,2500,4996,4.1658051230797355e-08,1.4829082489013672,3.946037168134353e-07,1.5707942247390747,1.5707942247390747,3.1415886878967285,3.0
289_processed.off,2500,4996,1.851064901359223e-08,1.4530848264694214,1.9908293324988335e-07,1.570794939994812,1.570794939994812,3.141590118408203,3.0
290_processed.off,2500,4996,8.92950691167016e-09,1.273179292678833,1.7012462194543332e-07,1.5707966089248657,1.5707966089248657,3.1415934562683105,3.0
291_processed.off,2500,4996,2.7260053769850856e-08,1.1500543355941772,3.141589403152466,3.2105799618875608e-06,3.141592502593994,6.283185005187988,3.0
292_processed.off,2500,4996,1.0720206056191728e-08,1.2950005531311035,3.141592264175415,1.4187751276040217e-06,3.1415913105010986,6.283185005187988,3.0
293_processed.off,2500,4996,1.4220114863405797e-08,1.1812094449996948,6.628242488204705e-08,1.4223755329112464e-07,1.4236768208775175e-07,3.5088766026092344e-07,3.0
294_processed.off,2500,4996,4.251788965348169e-08,1.0873372554779053,1.5455056256996613e-07,9.36617006175311e-10,2.690159650597934e-09,1.5817734322354227e-07,3.0
295_processed.off,2500,4996,1.790809101009927e-08,1.0932180881500244,7.0513479499823e-08,1.5707964897155762,1.5707964897155762,3.1415929794311523,3.0
296_processed.off,2500,4996,2.743996851961583e-08,1.2463104724884033,1.5248691909164336e-07,1.5707966089248657,1.5707966089248657,3.1415934562683105,3.0
297_processed.off,2500,4996,4.3623550993743265e-08,1.3239599466323853,3.141592264175415,7.579494649689877e-07,3.141592025756836,6.283185005187988,3.0
298_processed.off,2500,4996,8.485847757810916e-08,1.360397219657898,1.0387729787453281e-08,3.141592502593994,3.141592502593994,6.283185005187988,3.0
299_processed.off,2500,4996,2.315491798299263e-08,1.3902122974395752,1.4299101280812465e-07,3.099441755693988e-06,3.101091579083004e-06,6.343524546537083e-06,3.0
300_processed.off,2500,4996,2.19613252028239e-08,1.2641125917434692,3.141592264175415,1.5707956552505493,1.5707969665527344,6.283185005187988,3.0
301_processed.off,2500,4996,3.526631786598955e-08,1.2094027996063232,4.6253632035586634e-07,1.9524011918292672e-07,1.9591038835642394e-07,8.536868563169264e-07,3.0
302_processed.off,2500,4996,6.422520471005555e-08,1.2881494760513306,4.926771879354419e-08,3.141592502593994,3.141592502593994,6.283185005187988,3.0
303_processed.off,2500,4996,7.384764444395842e-08,1.2602410316467285,8.75638761499431e-08,1.5707961320877075,1.5707961320877075,3.141592502593994,3.0
304_processed.off,2500,4996,5.874788655546581e-08,1.191754937171936,9.502790554449803e-09,1.5707941055297852,1.5707941055297852,3.1415882110595703,3.0
305_processed.off,2500,4996,1.2781049107957188e-08,1.4037532806396484,4.6515049234585604e-07,1.5707966089248657,1.5707966089248657,3.1415936946868896,3.0
306_processed.off,2500,4996,2.1922739179558448e-08,1.1519132852554321,5.809841923110071e-07,9.898314168310662e-09,8.340748536284082e-08,6.74289992730337e-07,3.0
307_processed.off,2500,4996,7.501996179826165e-08,1.4109240770339966,3.141592025756836,5.140429038874572e-06,3.141587495803833,6.283185005187988,3.0
308_processed.off,2500,4996,3.481627430801382e-08,1.3995506763458252,3.141587018966675,1.570796251296997,1.5707964897155762,6.283179759979248,3.0
309_processed.off,2500,4996,2.729116665989295e-08,1.3669712543487549,3.141591787338257,1.5707968473434448,1.5707957744598389,6.283184051513672,3.0
310_processed.off,2500,4996,4.7538794234469606e-08,1.459557056427002,1.339716391157708e-07,3.879067662637681e-07,3.9054970102370135e-07,9.124281064032402e-07,3.0
311_processed.off,2500,4996,5.757379284432318e-08,1.1846963167190552,1.6489576637468417e-07,1.5707963705062866,1.5707963705062866,3.1415929794311523,3.0
312_processed.off,2500,4996,8.57300292977925e-08,1.2343664169311523,7.580057825862241e-08,1.5707958936691284,1.5707958936691284,3.141592025756836,3.0
313_processed.off,2500,4996,3.460254305309718e-08,1.274018406867981,5.718942475141375e-07,1.570796012878418,1.570796012878418,3.141592502593994,3.0
314_processed.off,2500,4996,1.0093872759853184e-07,1.1655582189559937,7.222084974500831e-08,1.5707961320877075,1.5707961320877075,3.141592502593994,3.0
315_processed.off,2500,4996,8.537068652003654e-08,1.202879548072815,3.141589403152466,3.3030098620656645e-06,3.141592025756836,6.283185005187988,3.0
316_processed.off,2500,4996,9.47001055351393e-08,1.1835110187530518,4.535742448297242e-08,1.570796251296997,1.570796251296997,3.141592502593994,3.0
317_processed.off,2500,4996,7.995166129148856e-08,1.2574553489685059,5.987815399066676e-08,3.141592502593994,3.141592502593994,6.283185005187988,3.0
318_processed.off,2500,4996,9.403147771536169e-08,1.2214560508728027,3.1415908336639404,1.5707961320877075,1.5707964897155762,6.283183574676514,3.0
319_processed.off,2500,4996,2.4410269361396786e-07,1.2715023756027222,2.8838114118912017e-08,1.5707950592041016,1.5707950592041016,3.141590118408203,3.0
320_processed.off,2500,4996,1.925128145785493e-08,1.3470523357391357,3.335590292863344e-07,1.570796251296997,1.570796251296997,3.1415929794311523,3.0
321_processed.off,2500,4996,5.082322473981549e-08,1.4736104011535645,4.0929432998382254e-07,1.5707956552505493,1.5707956552505493,3.1415915489196777,3.0
322_processed.off,2500,4996,3.020550209953399e-08,1.5722078084945679,3.141592025756836,2.324718479940202e-06,3.1415903568267822,6.283185005187988,3.0
323_processed.off,2500,4996,5.3595716309473573e-08,1.5948023796081543,3.141589641571045,1.5707956552505493,1.5707969665527344,6.283182144165039,3.0
324_processed.off,2500,4996,3.6407165282525966e-08,1.5721197128295898,2.6797584951054887e-07,1.5707967281341553,1.5707967281341553,3.1415936946868896,3.0
325_processed.off,2500,4996,1.212721745247336e-08,1.2773226499557495,2.903971463297239e-08,2.517035454729921e-06,2.517054326744983e-06,5.063129719928838e-06,3.0
326_processed.off,2500,4996,2.582790514793487e-08,1.5083096027374268,1.1419664502909654e-07,3.1415915489196777,3.1415915489196777,6.2831830978393555,3.0
327_processed.off,2500,4996,5.256169188783133e-08,1.552056074142456,3.1415915489196777,3.1415915489196777,3.8009554259588185e-07,6.283183574676514,3.0
328_processed.off,2500,4996,3.9599722612138066e-08,1.4986927509307861,1.9349001831869828e-06,1.570796012878418,1.570796012878418,3.1415939331054688,3.0
329_processed.off,2500,4996,1.1756879558788569e-07,1.570815920829773,3.1415903568267822,8.877810273588693e-07,3.1415903568267822,6.283181667327881,3.0
330_processed.off,2500,4996,6.210141378915068e-08,1.538304090499878,3.141589641571045,1.5707961320877075,1.5707964897155762,6.283182144165039,3.0
331_processed.off,2500,4996,2.3503211821207515e-08,1.4744999408721924,3.141592025756836,9.07472497146955e-07,3.141592025756836,6.283185005187988,3.0
332_processed.off,2500,4996,3.5089509964336685e-08,1.2171456813812256,5.0498705661539134e-08,3.141592502593994,3.141592502593994,6.283185005187988,3.0
333_processed.off,2500,4996,5.928964341705978e-08,1.4226197004318237,1.397336575337249e-07,3.141592502593994,3.141592502593994,6.283185005187988,3.0
334_processed.off,2500,4996,1.2437506313744962e-07,1.5479469299316406,1.3840656265529105e-06,3.141592502593994,3.141592264175415,6.283185958862305,3.0
335_processed.off,2500,4996,3.9602305434982554e-08,1.5786960124969482,3.1415908336639404,3.1415905952453613,8.643961564303027e-07,6.283182144165039,3.0
336_processed.off,2500,4996,7.861443407364277e-08,1.13918137550354,3.1415066719055176,8.586835610913113e-05,3.141592502593994,6.283185005187988,3.0
337_processed.off,2500,4996,5.305291495005804e-08,1.4932633638381958,1.7558134857154073e-07,1.5707967281341553,1.5707967281341553,3.1415934562683105,3.0
338_processed.off,2500,4996,1.687879347400667e-07,1.5471224784851074,3.1415867805480957,1.5707978010177612,1.5707948207855225,6.28317928314209,3.0
339_processed.off,2500,4996,3.26810294382085e-08,1.3751931190490723,4.4705481627715926e-07,1.570796251296997,1.570796251296997,3.1415929794311523,3.0
340_processed.off,2500,4996,2.325437442607381e-08,1.5855317115783691,3.1415905952453613,1.570796012878418,1.5707966089248657,6.2831830978393555,3.0
341_processed.off,2500,4996,1.4563990013982675e-08,0.909967303276062,3.141573429107666,1.9046568411340559e-07,3.141573429107666,6.283146858215332,3.0
342_processed.off,2500,4996,2.123334041925773e-07,0.9099706411361694,4.470438170756097e-07,1.570796012878418,1.570796012878418,3.141592502593994,3.0
343_processed.off,2500,4996,1.1580498693319896e-07,0.9089382290840149,8.915156286093406e-06,4.786026153169587e-08,4.815847987060806e-08,9.011175279738382e-06,3.0
344_processed.off,2500,4996,5.583443396517396e-08,1.0551413297653198,3.141554594039917,3.141554594039917,2.0847299708748324e-07,6.283109188079834,3.0
345_processed.off,2500,4996,4.725727080767683e-07,1.0479785203933716,3.141557216644287,1.5707963705062866,1.570796251296997,6.283149719238281,3.0
346_processed.off,2500,4996,4.14921181857153e-08,1.0438388586044312,3.1415562629699707,3.6283385270508006e-05,3.141592502593994,6.283185005187988,3.0
347_processed.off,2500,4996,2.4097708717363275e-08,1.1188313961029053,3.1415822505950928,1.570796251296997,1.5707964897155762,6.283174991607666,3.0
348_processed.off,2500,4996,3.682402848426136e-06,0.960525631904602,3.1414449214935303,3.1414449214935303,2.2483466466383106e-07,6.2828898429870605,3.0
349_processed.off,2500,4996,8.893139806787076e-07,0.9608553051948547,3.1414904594421387,1.5707963705062866,1.5707963705062866,6.283083438873291,3.0
350_processed.off,2500,4996,5.363509814060308e-08,0.958622395992279,3.141187906265259,1.570796251296997,1.5707963705062866,6.282780647277832,3.0
351_processed.off,2500,4996,1.1928582566156365e-08,0.8858860731124878,1.8716137901719776e-06,3.141592502593994,3.1415908336639404,6.283185005187988,3.0
352_processed.off,2500,4996,4.802485165100734e-08,0.8864651322364807,2.622464990054141e-06,9.484602969678235e-08,9.492887187434462e-08,2.8122399271524046e-06,3.0
353_processed.off,2500,4996,1.4833211992026918e-07,0.9543710350990295,1.5051913049290988e-09,3.1415486335754395,3.1415486335754395,6.283097267150879,3.0
354_processed.off,2500,4996,2.2983085656846924e-08,0.8854820728302002,3.0966484546661377,3.0965561866760254,1.601174659526805e-07,6.193204879760742,3.0
355_processed.off,2500,4996,3.6184319429644063e-10,1.0158950090408325,3.141580581665039,3.00387597462759e-07,3.141580581665039,6.283161163330078,3.0
356_processed.off,2500,4996,3.93938304199537e-09,1.015568733215332,1.3226165719970595e-05,3.141592502593994,3.1415793895721436,6.283185005187988,3.0
357_processed.off,2500,5020,2.684807931530031e-08,1.0115622282028198,1.684726469441955e-09,3.141592502593994,3.141592502593994,6.283185005187988,3.0
358_processed.off,2500,5012,1.0827282181935516e-08,0.9122352600097656,3.141540288925171,1.868632466539566e-07,3.141540288925171,6.2830810546875,3.0
359_processed.off,2500,5012,7.798267809278059e-09,0.9105347394943237,3.1414668560028076,1.570796251296997,1.5707963705062866,6.283059597015381,3.0
360_processed.off,2500,4996,5.150724291524966e-07,1.032103419303894,3.1414313316345215,2.3007428850974065e-08,3.1414313316345215,6.282862663269043,3.0
361_processed.off,2500,5016,3.3801821786028086e-08,1.1283705234527588,1.8361544107392547e-06,3.141592502593994,3.1415908336639404,6.283185005187988,3.0
362_processed.off,2500,5000,8.171598153694504e-08,1.014090895652771,6.997620971560536e-07,3.141592502593994,3.141592025756836,6.283185005187988,3.0
363_processed.off,2500,4996,6.142479946902313e-08,0.9544036984443665,3.1415634155273438,3.1415634155273438,2.87849474034374e-07,6.283127307891846,3.0
364_processed.off,2500,5004,2.7753232600957745e-08,1.4033178091049194,5.860095697585166e-08,1.5707967281341553,1.5707967281341553,3.1415934562683105,3.0
365_processed.off,2500,5000,7.992622386154835e-08,1.455348253250122,1.4735185516201454e-07,1.88360814945554e-07,1.8860831119127397e-07,5.243209670879878e-07,3.0
366_processed.off,2500,5000,3.8376249733573786e-08,1.1672378778457642,6.493945079455443e-07,1.0023970986594577e-08,4.758750904443332e-08,7.070059950819996e-07,3.0
367_processed.off,2500,5000,3.595203068584851e-08,1.2465661764144897,2.5695088723409754e-08,3.141592264175415,3.141592264175415,6.28318452835083,3.0
368_processed.off,2500,4996,8.361184455907278e-08,1.1506861448287964,3.141585350036621,1.570796251296997,1.5707963705062866,6.283177852630615,3.0
369_processed.off,2500,5000,1.1236205921250075e-07,1.1711465120315552,1.1966584452238749e-06,1.5707963705062866,1.5707963705062866,3.1415939331054688,3.0
370_processed.off,2500,4996,5.929256374770375e-08,1.2130694389343262,3.141484260559082,1.570796251296997,1.5707963705062866,6.283076763153076,3.0
371_processed.off,2500,4996,5.8931391322403215e-08,1.155818223953247,1.872580241979449e-06,1.570796251296997,1.570796251296997,3.141594409942627,3.0
372_processed.off,2500,5000,2.1554301454784763e-08,1.1997594833374023,6.680284627691435e-07,1.5707961320877075,1.5707961320877075,3.1415929794311523,3.0
373_processed.off,2500,5000,6.777648309252982e-08,1.1044583320617676,4.442663339432329e-07,3.141592502593994,3.141592264175415,6.283185005187988,3.0
374_processed.off,2500,5000,9.064012118642495e-08,1.0764756202697754,3.1415884494781494,3.1415884494781494,1.1537679966977521e-07,6.283176898956299,3.0
375_processed.off,2500,4996,4.6131603426147194e-08,1.1982085704803467,3.141592264175415,1.5707966089248657,1.5707961320877075,6.283185005187988,3.0
376_processed.off,2500,4996,8.58172910511712e-08,1.3279205560684204,4.1118255467154086e-08,1.5707963705062866,1.5707963705062866,3.1415927410125732,3.0
377_processed.off,2500,5004,1.966620288840204e-08,0.9639222025871277,9.406282686086342e-08,1.8067010998379374e-08,2.6729290780735937e-08,1.388591357454061e-07,3.0
378_processed.off,2500,5000,1.033619767554228e-08,1.1494920253753662,1.1812904858743423e-06,1.5707961320877075,1.5707961320877075,3.1415934562683105,3.0
379_processed.off,2500,4996,1.549414285761941e-08,1.2453396320343018,6.8175856071661656e-09,1.5707957744598389,1.5707957744598389,3.1415915489196777,3.0
380_processed.off,2500,4996,3.513155277801161e-08,1.07094144821167,4.168670741933056e-08,1.570796251296997,1.570796251296997,3.141592502593994,3.0
381_processed.off,2500,4996,1.7792086026702236e-08,1.1089959144592285,1.560342610673615e-08,3.141592502593994,3.141592502593994,6.283185005187988,3.0
382_processed.off,2500,4996,4.130604480678812e-08,1.2301470041275024,5.065574981699683e-08,1.570796251296997,1.570796251296997,3.141592502593994,3.0
383_processed.off,2500,4996,5.98792695427619e-08,1.0637301206588745,4.201806902415228e-08,3.141592502593994,3.141592502593994,6.283185005187988,3.0
384_processed.off,2500,4996,2.1856457976809907e-08,1.1644065380096436,1.3090833306250715e-08,1.5707964897155762,1.5707964897155762,3.1415929794311523,3.0
385_processed.off,2500,4996,3.251824409744586e-07,1.1711194515228271,1.7764660853458736e-08,3.141592502593994,3.141592502593994,6.283185005187988,3.0
386_processed.off,2500,4996,8.77351808981075e-08,1.4211316108703613,9.107923659712469e-08,3.141592502593994,3.141592502593994,6.283185005187988,3.0
387_processed.off,2500,4996,1.5617648330135125e-07,1.2277830839157104,2.1592759935629147e-07,3.141592502593994,3.141592502593994,6.283185005187988,3.0
388_processed.off,2500,4996,3.0480606483251904e-08,1.1273767948150635,1.8207498442279757e-07,3.141592502593994,3.141592502593994,6.283185005187988,3.0
389_processed.off,2500,4996,8.884494206995441e-08,1.2484067678451538,5.974212768933285e-08,1.570796251296997,1.570796251296997,3.141592502593994,3.0
390_processed.off,2500,4996,1.1066953220506548e-07,1.033099889755249,2.844912572186331e-08,1.0940939887404966e-07,1.0948447481951007e-07,2.4734299586270936e-07,3.0
391_processed.off,2500,4996,4.45919674518791e-08,1.0932602882385254,1.2673686100583836e-08,3.141592502593994,3.141592502593994,6.283185005187988,3.0
392_processed.off,2500,4996,1.6110991651885342e-08,1.1095153093338013,1.884005840224745e-08,3.141592502593994,3.141592502593994,6.283185005187988,3.0
393_processed.off,2500,4996,6.891919213103392e-08,1.223834753036499,4.463637015561517e-09,3.141592502593994,3.141592502593994,6.283185005187988,3.0
394_processed.off,2500,4996,1.3020729738855152e-07,1.2548528909683228,3.49580702163621e-08,1.5707961320877075,1.5707961320877075,3.141592264175415,3.0
395_processed.off,2500,4996,4.0007602564173794e-08,1.1320748329162598,3.141592502593994,1.570796012878418,1.5707966089248657,6.283185005187988,3.0
396_processed.off,2500,4996,2.3995353259920194e-08,1.191718339920044,1.6982544082111417e-07,3.141592502593994,3.141592502593994,6.283185005187988,3.0
397_processed.off,2500,4996,7.056773831948249e-09,1.138983964920044,1.3479197313870372e-08,3.141592502593994,3.141592502593994,6.283185005187988,3.0
398_processed.off,2500,4996,2.930391751476691e-08,1.1662172079086304,1.0996269850238605e-07,3.141592502593994,3.141592502593994,6.283185005187988,3.0
399_processed.off,2500,4996,2.4377124319130417e-08,1.297281265258789,2.042381375133573e-08,3.1415915489196777,3.1415915489196777,6.2831830978393555,3.0
400_processed.off,2500,4996,4.2832805746684244e-08,1.1184797286987305,1.2554241202167304e-08,9.519330212981458e-09,9.668029932186073e-09,3.1741599570977996e-08,3.0
